emg_rms,emg_var,emg_mean,acc_mean,acc_std,acc_max,label
4.449765510836051e-05,2.2577165362252037e-09,4.73860833744823e-07,9.868422506163288,0.031663463123632565,9.887585281972724,0
5.279041292200138e-05,2.5052576424032636e-09,-5.808781340235149e-07,9.773741509641093,0.03857239668491717,9.80759171622529,0
7.68268255483193e-05,6.6034412250381315e-09,-5.020879361715532e-07,10.167226576701045,0.12618351534226993,10.94609428741416,1
0.00013366851826424452,6.110922589709866e-09,-2.3019871548446053e-06,10.275139603669134,0.16996806550405977,10.412491875062017,1
0.00017337577903545014,4.898902243650166e-09,2.2604563877940736e-06,10.274623782945882,0.18067635247177224,10.152368927422476,1
0.00011204642658232071,7.091992264357672e-09,5.556626083104881e-06,10.438727944856463,0.21093191580269313,10.764528311684582,1
0.00017237578625476293,4.163416760682447e-09,1.1289284771102714e-06,10.205100133616268,0.22365966247300118,10.697757179528695,1
4.539361229040213e-05,2.528561113109458e-09,3.436182895684614e-07,9.711847992231863,0.0564816793878959,9.861491771958368,0
4.956463197526502e-05,1.8623495448768037e-09,-1.5630667945865129e-06,9.76021845039315,0.06861168801542204,9.967776740967334,0
4.792834109895426e-05,1.68826130250752e-09,-1.5081532895474826e-06,9.854982348789243,0.0464453575745869,9.85896166913137,0
0.00017850016186521538,7.726516468575364e-09,9.157701540000303e-07,9.863142524326824,0.2163422611985007,10.475664313752393,1
5.361395605508414e-05,2.7690182832329848e-09,-3.5826039109951536e-08,9.8782321827907,-0.0023949020817948877,9.982190250437522,0
0.00010857848927183242,5.7191937084732464e-09,-1.1963452732333831e-07,10.39223475328367,0.2897140421504293,10.674206862519007,1
4.465583546326495e-05,1.2524730645928322e-09,-7.8925832869792e-07,9.837185564188562,0.04575677156576747,9.857313120596029,0
0.00015879177736936715,6.896630383710946e-09,-1.220644034694669e-06,10.136766820638044,0.12587878765705435,10.431345745128295,1
0.0001529123264804412,6.968644990532889e-09,-1.4041061877547046e-06,10.134467570680446,0.1803945923433921,10.060945515560364,1
0.00010951830080300972,4.98092721463193e-09,2.5402447874359655e-07,9.950111255440014,0.29725578072433934,10.453999062745158,1
0.00016358808979600526,5.833939091648935e-09,4.2987766018951e-07,9.795537013360851,0.1528471595766369,10.921187621597788,1
4.153982983544294e-05,1.5887553156099689e-09,1.0867270230392737e-06,9.850249344035133,0.041164679535479747,9.891583491481883,0
0.00014422917105656632,6.301547342333613e-09,-6.942353941048661e-08,9.966264392476093,0.25714114072575106,10.725579909806033,1
5.727833114165867e-05,1.6904653198225202e-09,3.561598303893801e-07,9.798905956283063,0.07436100875513021,9.861054197569652,0
0.00013519702553390018,6.923162608341953e-09,3.413209907356924e-06,10.374717883127076,0.20045721728700688,10.390338210950237,1
4.279702007141187e-05,1.8650331154621545e-09,-1.4346222963068933e-07,9.830850188785757,0.07497881398279822,9.906564915811122,0
4.216746707663763e-05,1.8389692418971623e-09,8.135172173696698e-07,9.738456784178302,0.05454919869208259,10.030714275428243,0
0.00015188473799199545,6.501596365346173e-09,-2.938907858407456e-07,10.236124594748043,0.24824052911642178,10.180550654141099,1
0.00016852922536533433,7.2170707969801104e-09,4.5257653899774963e-07,10.369480286515326,0.20874165059957359,10.134943532292228,1
0.0001545197713044984,5.984285060147553e-09,-2.66014813102957e-06,10.194942474885774,0.26715841061483897,10.279635705015743,1
5.8220601599944904e-05,2.948396491326974e-09,-2.453881160028705e-07,9.762313191782127,0.03220971140748954,9.818418971503457,0
0.00014965669657590814,6.4133540876236456e-09,-2.8179710893470063e-07,10.37443237187069,0.265017257399827,10.09694287077977,1
3.593594732818451e-05,1.9827351719525957e-09,-9.630156260661265e-07,9.848859000040655,0.05083960128940046,9.88627281829022,0
4.9884166802180065e-05,2.0952993525572617e-09,6.06975709568625e-07,9.782554940861363,0.0621225872619817,9.705577040625041,0
4.153206281931595e-05,1.242576387657068e-09,-4.4651495206702107e-07,9.842819939716174,0.05428187488260408,9.7754261221288,0
3.852280027175e-05,2.694801414073296e-09,-8.552405188798108e-07,9.748646912053221,0.0676567532101878,9.855069561390422,0
4.040991903573221e-05,2.691002302085972e-09,9.051219599565591e-07,9.769804781375774,0.05608898239741705,9.92572074909801,0
3.816734378545581e-05,2.2474978270958474e-09,-1.6530961455356247e-07,9.765641241233375,0.05136702502207658,9.859059116942845,0
0.0001354390935651269,6.081874139386322e-09,4.629317133347017e-06,9.82654696148165,0.2343130095187257,10.016185238643104,1
0.00016063258755358986,4.119687411547443e-09,1.932784003944834e-06,10.097811106542608,0.26051993165683196,10.454629210352332,1
0.00022167107872177386,7.843413758320534e-09,2.7268709819034087e-06,10.365753195520973,0.20075716391299323,10.63262220506002,1
0.00014678416574516622,5.513782714246876e-09,3.185963588518929e-06,10.113211680197988,0.1633653899348078,10.32651692581076,1
0.0001651496183694137,6.865755194170122e-09,-2.4005928141115525e-06,10.133099752831809,0.1762527344419522,10.304001230227886,1
0.00015551566543228675,6.577897135098835e-09,4.269282496014815e-06,10.245369764396157,0.28277308126894607,10.361122373380905,1
4.269258596770347e-05,1.3600401333684351e-09,-2.37391961206669e-07,9.893600284023616,0.049611157182009036,9.806740834343893,0
4.5187518661764944e-05,9.531029979824687e-10,-4.200474646275161e-07,9.806960205547842,0.05003627222389353,9.975593528179166,0
0.00012055474046856145,6.4621034742632705e-09,3.9811939114694003e-07,10.07995662456824,0.20349010424950095,10.384405920941472,1
5.607838540334805e-05,2.516256396413941e-09,-1.0344023564856845e-06,9.810214147100067,0.05962435456856254,9.94670571727289,0
0.000163179814203103,5.891502111436487e-09,-9.728655321047212e-07,10.241519652257143,0.24424952335933328,10.360641075406509,1
0.0001128530744655495,5.175348672348927e-09,3.902560171471508e-06,10.191982972525398,0.22647177558269016,10.444832478681594,1
0.0001743858635651688,6.6296288419236124e-09,-1.6579900218441445e-06,10.087963791960606,0.2373646802561631,10.68311107963004,1
4.38475478423051e-05,2.1913997335753934e-09,4.921410339366621e-07,9.72362736870828,0.053609850109990954,10.00710415241175,0
0.00019658579327517975,5.560482124525723e-09,-8.158307055425915e-07,10.252324611194492,0.20060732545366128,10.779280225192224,1
0.00010365003154209006,5.157264903513078e-09,7.840837794651916e-07,10.175094950481263,0.18998975521344652,11.107416299400303,1
0.00012545337950299582,8.09238727568546e-09,-2.012034762999404e-06,9.957162277442453,0.2579055436750034,10.737498808188882,1
4.657411131769354e-05,2.124657270810978e-09,3.2451831637455503e-07,9.883764662483411,0.06777968588554306,9.949606423322589,0
4.56669659309744e-05,2.1019113637637335e-09,5.591092026145276e-07,9.843627079571524,0.07308708676817849,9.852261826942469,0
5.186212343894626e-05,2.4130952368271334e-09,1.3265038874367735e-06,9.752280493571352,0.0032080687271320366,9.864846320137955,0
5.857659623202019e-05,1.9200307350182866e-09,-1.9016207902688828e-08,9.74987353176811,0.04962973728015221,9.871134136107987,0
0.00017555833402694052,6.768339454305004e-09,1.1093855884472573e-06,10.34663467294887,0.14478891057264337,10.728471552389278,1
3.554390027527918e-05,1.5779315432411302e-09,-3.4320123663116796e-07,9.822883822721442,0.051393053290377584,9.998350430635847,0
4.83192921079447e-05,2.1425876623248267e-09,-4.7191974129014104e-07,9.810860323894653,0.04056244951764262,9.844381885419802,0
7.153182457511558e-05,1.6163262185559754e-09,8.723206367206781e-07,9.809167100286919,0.09379605866435345,9.819170171464485,0
0.00016388172940923356,4.959149846720104e-09,-2.7049011098199938e-06,10.088315926113447,0.16008823909842335,10.098646552857486,1
9.261880448807342e-05,6.362476458805302e-09,1.142695020653576e-06,10.394104764002641,0.2370981508264733,10.942997587628888,1
0.00011304807697470521,6.189584920160589e-09,2.799193295705466e-06,10.110514395148371,0.217030762564418,10.495866613419842,1
3.2868654709091226e-05,2.6769361870827067e-09,-1.1453984525261789e-07,9.861890815598674,0.018111446824112663,9.840062497704624,0
0.00015656049276828422,5.515624308030697e-09,3.277719972747906e-06,10.24504707056112,0.20832147679015808,10.742266689481628,1
4.68697629178356e-05,1.2004382637312589e-09,-1.368590115541857e-06,9.826774590498761,0.07120893628220937,10.054137099691818,0
4.5654923590903295e-05,5.731736938050487e-09,-1.0358245116112685e-06,10.37856507285977,0.17183706942698185,11.261777337363268,1
5.645375949585148e-05,2.6843157787661744e-09,-9.649234605801045e-07,9.834302572999922,0.07116848973699176,9.72412605135769,0
0.000123942541888569,6.116410980120757e-09,7.203380042710303e-07,10.543719874802736,0.24330352580213993,10.468927170029513,1
0.00017944642130190242,6.330700557063932e-09,-2.9436517269873325e-08,10.359281085939264,0.1859307446724457,10.000592041141498,1
0.00010430517388584717,7.205915207242585e-09,7.511761359832908e-07,9.925682124055374,0.22425470558066377,9.881242297826475,1
5.3665982460968484e-05,1.5300601068363225e-09,-5.138669173366935e-07,9.747039323905554,0.04874641805453656,9.995514232050125,0
5.0760480398963856e-05,2.1764799877694513e-09,6.161066540197493e-07,9.773563800725016,0.024394177435294886,9.769839667425801,0
0.00010697733392302426,5.808467176086707e-09,1.1494800604859353e-07,9.74343950199184,0.1949025243760072,10.51264022452258,1
6.964252966994901e-05,1.901389164573238e-09,-1.2260530041981026e-06,9.80208326335627,0.053562568515221294,9.903563545985046,0
4.7249483028483566e-05,8.490394176322076e-10,-1.5151910621985522e-06,9.868343713372226,0.08289935427002568,9.875096396044363,0
0.00017600547190026427,6.471036831418021e-09,-7.164184009815586e-07,10.380372687403577,0.15643765594425355,10.431975171810532,1
4.8130948774395916e-05,1.976104561313231e-09,-1.0612626329465903e-06,9.767281332694349,0.03453550059094354,9.864921075482714,0
4.650216239043148e-05,9.446502394249108e-10,1.3430988181077297e-06,9.734617146590812,0.10146649904220864,9.837598327111143,0
0.0001956937223180897,6.538910043684659e-09,-2.0744923086529127e-06,10.161932264383278,0.15621908733076215,10.085160080710699,1
0.00010754392441447453,6.595401135710423e-09,-4.1582554459489925e-06,10.195705007525067,0.16914547958565626,10.122347387534342,1
0.00013854269332893714,5.586548761182301e-09,-1.6571675420374706e-06,10.09096616013363,0.07486202391688923,10.70539266046655,1
0.00017392452613434944,6.1452040602854585e-09,3.5903291132779265e-06,10.185098470693765,0.22831700652595113,10.74954545283158,1
3.330594718878629e-05,2.271680096189968e-09,-6.626237589458467e-07,9.828529933429659,0.034734816869149664,9.719511789933549,0
5.2158606481890056e-05,2.8544978315944168e-09,9.874930057007224e-07,9.838210219400096,0.0502590307590819,9.812430125833275,0
7.783777423489051e-05,1.1944971950223895e-09,-1.4855140500704944e-07,9.779626993118237,0.03796062642207231,9.976025109463537,0
7.389878272218324e-05,1.697792760934144e-09,-2.1320712690516423e-07,9.807976670286537,0.059030318840379396,9.964380260170433,0
0.00016113437620113926,5.3960148132841796e-09,1.7317957494579983e-07,10.168864552921583,0.2583891030829904,10.576326252990365,1
0.00016595750676656537,6.6963511266524875e-09,1.0322494571553814e-06,10.295098728289835,0.17131230998459177,10.295776717628835,1
8.375680344978368e-05,6.360778424673428e-09,-5.404066373550765e-07,10.38952338753228,0.18749386994627446,10.89031572994869,1
0.00015750571476742928,6.805735299526118e-09,-4.652703426999554e-06,10.502160643622904,0.10695450595726769,10.799082020483521,1
5.82940558118349e-05,8.944323454960575e-10,2.3561455810856593e-07,9.83854325969435,0.02042827508440317,10.014375404320694,0
0.00020117474578013056,5.967669749074886e-09,1.6563069807802106e-06,10.401978992209932,0.17515704836636894,10.61635346445914,1
0.0001952931393737887,6.402034480046922e-09,-6.9505346754591e-07,10.365827736917053,0.2643487481924797,10.366608732526307,1
2.427068758615656e-05,1.8072308800160446e-09,1.3304385632690831e-06,9.899965860312491,0.06436197096503368,10.056759442087897,0
9.663839253287162e-05,7.496044311489184e-09,1.3087313127081155e-06,10.188883065817908,0.21399843131599103,10.162353285810488,1
0.00014193497469614473,5.560135712384582e-09,1.2867078621081405e-06,10.512940916986706,0.2602485323650374,10.701727505668527,1
3.6585548422003024e-05,2.9434140560621188e-09,1.838833519051575e-07,9.805004772128985,0.04819544671887581,9.978107326761645,0
0.00013117743346867568,5.504610757068753e-09,8.376788277369738e-07,10.1221423616545,0.13825278032312935,10.170193252550373,1
3.307535370285181e-05,2.7647751597303073e-09,-1.5800789857898942e-07,9.77865594650263,0.029757912494796653,9.734514332813424,0
3.444250024128372e-05,6.076821776089498e-10,1.6135322587890272e-07,9.838773628624446,0.059433762103956816,9.74702356968272,0
0.00017413317330332594,5.842786106635549e-09,2.1609197380106995e-06,9.83101895194078,0.14914039147273048,10.655000792594437,1
0.0002182995487919651,4.370697389445747e-09,2.197058939094889e-07,10.425929896994473,0.17108430385363496,10.226832646578035,1
0.00015041787875738838,5.975874912889997e-09,3.961695215357099e-07,10.17112791761521,0.1713168996559882,10.335942317627882,1
6.086105526769656e-05,1.8027088408817026e-09,-1.6507357194485611e-06,9.835047113072305,0.05469628173591133,10.081801960796112,0
8.764870035243169e-05,4.759359922312429e-09,-2.3550567305498727e-06,10.24074035962777,0.2144921132084234,10.42355361948829,1
4.171341963662205e-05,2.460817359176924e-09,6.363324036855513e-08,9.847575703147148,0.07444406692415874,9.682567643591335,0
5.7216720640432354e-05,1.4354741143913854e-09,-5.245202662797737e-07,9.824468728061397,0.025557443822161095,9.971299843017238,0
0.00018749415958233646,6.42032458718452e-09,-5.516191312039834e-07,9.988493749713331,0.16982818725486187,10.422863318625835,1
9.990662483794799e-05,7.764686934262719e-09,-2.4830024618982447e-06,10.03673891818903,0.265788325414108,9.974067885918535,1
0.00013573408367506952,7.015686945063484e-09,-1.2546210833546082e-06,10.450330294279965,0.18165134005598088,10.641718992851807,1
0.0001336524273957315,6.399136114352071e-09,-7.526940484969673e-08,10.420660376403303,0.205711382433102,10.545090528438564,1
7.278478728188407e-05,6.079978855989889e-10,8.697404402284128e-07,9.852856246667816,0.022833045614276962,9.853056108659045,0
0.00011134657860728024,6.100817422254052e-09,-3.2591859719526542e-06,10.3103727310619,0.3002787022819977,10.715277473937915,1
0.00013315899422713023,6.314203732950451e-09,-8.484311304235724e-07,10.070758127635399,0.24556880979022822,10.225036252567367,1
0.0001999642333338773,7.01437006501813e-09,-3.6817484626632904e-06,9.94408460665286,0.16875907111521607,10.50782731506325,1
0.00015441623488108807,5.77745852782886e-09,1.648830776514921e-06,10.175077243731305,0.23740173629808625,10.950291489169286,1
0.00021243943970295425,5.695446361512743e-09,1.9064161389543823e-07,10.235807359309792,0.23037834321656794,10.044246005104148,1
5.3745851094509784e-05,1.4755858329591622e-09,-2.119357368038642e-06,9.782456734651324,0.029081746622858035,9.721944331678952,0
4.373032942212233e-05,2.9062242789984646e-09,7.077519354554754e-07,9.771876661205287,0.06264815478111042,9.997255444962674,0
0.0001795716815047069,5.405535451861778e-09,4.3501581138712205e-07,10.589174256965537,0.23458103404754338,10.885844536531932,1
6.286268613404602e-05,2.531104925456856e-09,-4.537443085364418e-07,9.831647081689674,0.019468962766045074,9.894209509266222,0
0.00015434812244343542,5.617516982541908e-09,2.069555306263708e-07,10.093118662795325,0.10237565634946588,10.416150280259988,1
3.918943459591738e-05,2.526576426666452e-09,-3.955515385665504e-08,9.834075034868633,0.05056636752260923,9.902975613949575,0
0.00021573198016679152,6.340067630525231e-09,-2.5481379699066473e-06,10.482808092200553,0.15721126252937145,11.322563502080975,1
3.957515125772862e-05,2.6389634146190827e-09,-2.6102725324679543e-07,9.806749236040986,0.05825140793288246,9.707031540368584,0
6.230161313457147e-05,2.4180305255797617e-09,-2.6472528798975084e-06,9.83647713833179,0.04563792203252114,9.99958575287185,0
5.0822839892754245e-05,2.5327401875326756e-09,-5.172884501003722e-07,9.87046737200928,0.095977962472385,9.863716143956035,0
0.00012966872983124865,4.4787551254113545e-09,-5.326346570454065e-07,10.067093014071556,0.286886471437223,10.550542847824495,1
4.699639511911372e-05,1.5976065416698377e-09,-1.0061158930834958e-06,9.747454402108591,0.011326433977848799,9.779260416835363,0
0.00013054344431821885,6.801857332040166e-09,5.480115701711429e-07,10.210061304551063,0.21217478694039502,10.778429332984858,1
0.00011631833935313102,6.382409746184051e-09,3.3290441642611215e-07,10.29849025280163,0.2144584321953909,11.236590041973269,1
0.00014615365421714668,5.49886003272143e-09,9.371269867430449e-07,10.301637955498425,0.13754124693379763,10.671444208973096,1
4.626600731623431e-05,1.4132148964939375e-09,7.95906504847474e-07,9.852426546925381,0.05687237179070435,9.862344734897773,0
0.0001913482435900717,6.683585745201083e-09,-2.6611616934213686e-07,10.425135756873924,0.125308517939288,10.285183163779802,1
5.2858653907249056e-05,2.1672283949935126e-09,6.585442726728305e-07,9.900510226938318,0.04646105545011901,9.820170275546156,0
5.04559216447005e-05,1.6845039350630264e-09,9.074947684172557e-07,9.801794727488385,0.08730006467994948,9.982048243827123,0
0.00010081811197007829,6.46254855264754e-09,4.800454753700924e-07,10.261110864075452,0.24664983213252842,10.626505477173678,1
4.5354930744975124e-05,1.5248345159016409e-09,3.17805169201884e-07,9.768524172597546,0.05389705642403694,9.884132555628936,0
4.832881919683146e-05,2.0733568432166617e-09,1.2065089665083567e-06,9.759153216450638,0.057373466177458025,9.860666118767265,0
0.00012567672240321043,6.862263024796879e-09,1.3050693875189583e-06,9.821490802939206,0.18584454993823735,10.23539179763777,1
0.00019485401236552234,6.21363042442851e-09,5.331610933898727e-07,10.119724048533554,0.2269011177398422,10.514386215084931,1
3.8145799953196886e-05,1.8005537538732245e-09,7.704252171166424e-07,9.833838513535849,0.06037279295227134,9.83752932768379,0
0.00018220895249579315,4.973484700588939e-09,2.6593934829375195e-07,10.059975837012164,0.25975233144624216,10.043043928564867,1
4.413451911478657e-05,2.9554022942293927e-09,1.1036669425258049e-06,9.886270813752773,0.037418560558611424,9.883144412593724,0
4.8689615930010046e-05,9.823798796872481e-10,7.32123607333072e-07,9.854003450016108,0.01598012896122493,9.859350712330373,0
5.088952272609702e-05,2.5829568576857004e-09,-5.426048417582781e-07,9.843855098939315,0.059274477147808646,9.957781689088113,0
0.00011159086803987316,6.872457328280144e-09,1.300402355917322e-06,10.180164827244123,0.2923318498023833,10.178974570102154,1
0.00013968934956186648,7.549209476526304e-09,-2.2331716085076937e-06,9.965731398053805,0.24710832525819146,10.758028915242921,1
5.0742062138001555e-05,1.885298698634824e-09,9.505027552826248e-07,9.78285120858487,0.06011003621222982,9.897107511582513,0
0.0001452403351239424,4.813358482634953e-09,-7.404188456264997e-07,10.204661520177174,0.16750133940682652,10.781167086460455,1
0.0001558956350910441,6.709003757588512e-09,-1.7947138857445344e-07,10.488023443089894,0.16618038489703651,11.040282129873244,1
0.00013278331552994598,5.535608923386261e-09,-2.6529095889069297e-06,10.430916856371873,0.1273286751362797,11.089598252536113,1
0.00014169303480610865,5.974610953615513e-09,-3.4606975739383564e-07,10.062368061979944,0.32361397311363305,10.351240146597815,1
0.0001864546502661526,6.7420845885237985e-09,1.8796962070593754e-06,10.369202708934253,0.18383218938568957,10.514281065544305,1
0.0001951019490530145,6.877362290575671e-09,-4.419283476593278e-07,10.205377167798906,0.21041914039737764,9.887479539472713,1
4.5288918276973006e-05,2.5375621376086445e-09,6.321161012683779e-07,9.751061667606939,0.057037821358128724,9.913278069826417,0
6.811980124134872e-05,2.1789628643458845e-09,3.932631513836775e-07,9.834072254017865,0.0384107345185986,10.008900998178477,0
7.115755721916656e-05,1.8973726851929567e-09,2.1558849088244623e-06,9.858611962337921,0.047983540196295846,10.049856483886508,0
6.73596380316525e-05,2.098955391731324e-09,-6.514180036144483e-07,9.775805708297284,0.0435930538361136,9.942416594640193,0
6.67152023540541e-05,1.8979847095094697e-09,-1.8605650514288087e-07,9.852138258792221,0.060119822199190695,9.70025886565405,0
3.872172779498694e-05,2.282138694013368e-09,-5.022557161941238e-07,9.81057974851902,0.07182092204329335,9.88892665709193,0
6.131252790397738e-05,1.8626262524127914e-09,1.3844421116856467e-06,9.837872787465853,0.05057193553436688,10.058023258735082,0
0.00015673355455679915,7.0470983026121546e-09,3.367855382915737e-06,10.10822314742621,0.2539340416715648,10.488447459149787,1
0.00016799351567894187,7.133546774502706e-09,-2.5544409318461664e-06,9.890244035497556,0.2623163442898727,10.461956550629093,1
5.4016255054914735e-05,1.6571948594590961e-09,3.238001276059452e-07,9.785425501050327,0.016990175799244764,9.894957714827852,0
0.00019830202406080137,4.354223470484682e-09,3.623384112238053e-06,10.376945284350827,0.21341084041388478,10.285915033277771,1
3.705318524279094e-05,2.5804133936892596e-09,-4.6770120131189135e-07,9.817325194086537,0.04906158842241632,9.947704082722312,0
4.849580145538167e-05,2.4977742926811393e-09,-5.913032150920308e-07,9.702390738929829,0.032260038785409326,9.942414041907899,0
5.648924210506996e-05,1.304001831405995e-09,-8.383874911178852e-07,9.82603322102671,0.0669415801997007,10.022250091488688,0
5.707211683012383e-05,2.4851494436300307e-09,1.0947837116399135e-06,9.791939576571508,0.08168007211127393,10.130779169499608,0
0.00014785196221757808,5.962777763490158e-09,1.4552590872739597e-06,10.21038917716146,0.23663200386077898,10.475785025967426,1
5.1909377507733157e-05,1.552718383793108e-09,-8.811071495264614e-07,9.880797925166938,0.08943337500923633,9.878686466333269,0
0.00015418027780863793,6.452534891821335e-09,-2.671596826104316e-07,10.41717326837356,0.0949540569274041,11.381325854150331,1
0.00011803308825404922,6.091805774580673e-09,1.2771260266828571e-07,10.224117986778142,0.180278907646074,10.37181431231768,1
4.376231039304195e-05,2.9570156769333933e-09,-1.9068240076334658e-07,9.810871643658986,0.06740135461377508,9.949568188797262,0
0.0001469146751059179,5.9732056533643364e-09,1.336936259058221e-06,10.096620627422043,0.21866980959567778,10.652104729346158,1
5.1975659901723824e-05,2.2246142174598727e-09,-1.0766605081776657e-06,9.833420398047119,0.02820813803410695,10.063112585228188,0
3.149059642104732e-05,2.471731920932684e-09,3.424277652212746e-07,9.744418733613065,0.06604941764639377,9.860167909397605,0
5.321357215450273e-05,2.2109603771176424e-09,1.6137112690586469e-06,9.8226767150757,0.04511686729418703,9.996408716828837,0
0.00014665433827023162,6.767813919476397e-09,1.579800160075748e-06,10.121714896662652,0.1265460219681896,10.230251511899388,1
3.7219774165636244e-05,1.1781296422059712e-09,-8.851634989998477e-07,9.877628090774483,0.01894545864367925,9.86964640144228,0
4.696968359001971e-05,1.982648339985055e-09,-1.188486721926432e-06,9.815603970940984,0.07538354365086258,9.969773712814947,0
5.9817654869915945e-05,1.8375843082456888e-09,-2.499405714873573e-06,9.914547128629538,0.022208550664728082,9.73546012530431,0
4.850012108600275e-05,1.1828523321851164e-09,1.0224409523938104e-06,9.690714475876234,0.0670980075924142,9.997941090083406,0
4.7473143119990364e-05,2.196042264850435e-09,-1.8889668778447528e-07,9.827653663822025,0.04932626946182568,9.804965181689827,0
0.00021147536768054468,6.27810601909196e-09,1.1559117117043856e-07,10.353931550269124,0.1585535959567039,10.549043243750235,1
0.00012031115590288986,6.940771187988216e-09,-1.964974787076619e-06,10.155073370000594,0.2275026049512276,10.209496663540909,1
0.00013379033450587534,6.513540708163514e-09,1.897879979675188e-06,10.067577496635117,0.15886892922554496,10.454897423225729,1
0.00013263110234417485,6.063688393651616e-09,9.439226664932179e-07,10.22784308172898,0.2603076697835296,10.615191465764058,1
0.00018975807153114992,6.422013160706968e-09,-2.1187842609398877e-06,10.295510743225128,0.23698749699391297,10.423875995751725,1
0.00011268410293826142,5.307094802204093e-09,-1.4368145311383948e-06,10.378984875388888,0.1852525160853986,10.87432262180212,1
0.0001676003462559024,6.681006238741557e-09,-4.896004836126023e-07,9.97449913245188,0.17764267688080437,10.324182869438813,1
0.00013937677075656038,6.453537833745176e-09,2.449168875252286e-06,10.524679312459808,0.12315260199868398,10.580325367309339,1
0.00013358714107838694,6.1635733355886545e-09,-8.696515238204899e-07,10.061823917542757,0.2836139618043425,10.776879654662823,1
0.00020033102442229323,5.446411758292005e-09,1.1379661583705507e-06,10.525679324625706,0.18104361295062565,10.43892589196929,1
0.00018392109925843502,7.715701834394389e-09,-3.3744988469061418e-06,9.949375042359788,0.258096180107354,10.034540835974948,1
4.2409595527913516e-05,2.0167293854961516e-09,-6.218183005063913e-07,9.835068653241962,0.07062125827976107,9.910854267602843,0
0.00011714149643710514,6.732975179261481e-09,-2.7145104616535598e-06,10.162183706167625,0.19282438278222944,10.341401398998851,1
0.0002001771716051311,6.419019009366045e-09,-1.4100237115168176e-06,10.188846184468458,0.22791634562608615,10.522801617423724,1
6.3112102303924e-05,2.3472031594726855e-09,-3.268362930621348e-07,9.740511922913395,0.07498281283382238,9.869990603876262,0
0.00018942028423931696,4.785456510273593e-09,-1.0678182026335998e-06,9.918571194757016,0.20364983779866788,10.734023453914975,1
4.35133741295113e-05,2.1366881739721336e-09,8.13296576583077e-07,9.765684046217546,0.05596104420214351,10.00019275489552,0
0.0001712432603006577,6.956702316794584e-09,-1.5719789210158988e-06,9.933753409288444,0.10818973134483517,10.652397398073763,1
0.000155799920008582,5.903726691797904e-09,7.306019860435772e-07,10.480414429443568,0.10030345818659821,10.865501194675614,1
0.0001368423838122811,7.166302747236789e-09,1.1368820125123089e-06,10.319918822656298,0.1746438469971705,10.429093578873301,1
5.7122714895058786e-05,2.0601128167171067e-09,-7.221813079269722e-07,9.931460631565015,0.0682474922792574,9.740228808022659,0
6.390207549017314e-05,2.2789051531759315e-09,1.0352619843380607e-08,9.734408188382492,0.02869772673849255,9.869477529564534,0
4.939479477693692e-05,1.4741525559501491e-09,-1.5812575709194808e-06,9.801805508766508,0.05483733403027082,9.803047611048003,0
2.1117287948072753e-05,2.1466346570667515e-09,2.8329941844015703e-07,9.760335905308317,0.060802254233662534,9.771750137887848,0
0.00011063161843983242,4.437345214733922e-09,-2.6624595854281406e-06,10.255665812244041,0.19604606261968244,10.055914770537761,1
0.00015446002371606333,5.6629140288819606e-09,-1.2268053270818795e-06,10.139506062702374,0.18059115907293857,10.551124866712646,1
0.00011176893760861864,6.626076425507817e-09,-1.4655072593799919e-06,10.059665617995185,0.22453181107113573,10.191629170285891,1
0.00011868081480005224,5.79103951266797e-09,-2.570149617116116e-07,10.397873887656425,0.1746446052933696,10.148687443747244,1
0.00011049133277709423,5.925146614065153e-09,8.36413225509072e-07,10.179636851594086,0.1716403790593661,10.383174636752088,1
4.453755551747517e-05,2.1959020027012733e-09,-1.4789115687741288e-06,9.80916799598896,0.04969380301654009,9.957929149960108,0
5.816117436057333e-05,1.3459757392207909e-09,-1.7428243317335751e-06,9.799751900797999,0.042208067862824154,9.955383333178155,0
8.091909031365849e-05,5.555054239875328e-09,-1.749640760152238e-06,9.7447252982816,0.21424449462860995,10.562128158669886,1
5.291449923211806e-05,1.63465901809811e-09,-1.9780468589650633e-07,9.781012133000988,0.04824723484367045,9.915271789921983,0
0.0002147192463979651,5.3942850769966615e-09,1.484190744018614e-06,10.259858516081298,0.2650870644699399,10.968453359018056,1
0.00018032586721115516,5.869484920103006e-09,-1.2086781431266236e-06,10.184836520836356,0.25465342933066054,10.672610888157713,1
4.197507266788353e-05,2.6494056624235262e-09,-9.809174429602977e-07,9.733604096415638,0.06360530758590961,10.015781484202401,0
0.0001177001719642701,4.221369166790196e-09,2.510396968906504e-06,10.237683201659484,0.19370305135265833,10.284754444175675,1
5.996047685805817e-05,1.6216024557152698e-09,-1.4218106667418438e-06,9.875066682597774,0.04354640322315729,9.874916698354495,0
0.0001436599174334702,5.8825991408450405e-09,-5.4316866808152394e-08,10.314861688167696,0.18457251991631066,10.706083947794166,1
0.0001936685607024335,7.799271575019e-09,1.4916025021208075e-06,10.318685834638721,0.15731317326575442,10.607762820137353,1
5.229954447842213e-05,1.5458489345170972e-09,-2.3853344684266677e-07,9.761049307848316,0.006687095431917527,9.997426222212882,0
0.00014336239129242683,5.723186700111079e-09,6.148133956182014e-07,10.36314744250786,0.24302367441798728,10.325076768429318,1
4.650021872845583e-05,2.2747373962493674e-09,2.1289465557455995e-06,9.834433901184273,0.0574499141958,10.059912233514938,0
3.961198171997444e-05,2.2514502024570682e-09,3.262746708466854e-07,9.801515582874718,0.04811256499929238,9.89141067502822,0
3.80390276817562e-05,1.980130547596913e-09,-9.737496479580759e-07,9.71136949358421,0.06606891624731165,9.985216678825184,0
5.5655096456315444e-05,1.1196186204220912e-09,7.533416211045325e-07,9.81905791924414,0.07579505508165492,9.967318135126996,0
5.206247545737863e-05,1.3974291038978617e-09,5.966438335337123e-07,9.838476573452551,0.04289376227764133,9.961024437560475,0
6.287982473801939e-05,1.7885940194572285e-09,2.606628331504074e-07,9.729974601986253,0.06439674581742781,10.044650393594658,0
4.012918229711978e-05,2.743373567899887e-09,1.6389408273441898e-06,9.931254316981084,0.054618668816599894,9.923642467626244,0
0.0001264530506075328,6.648280433843859e-09,-2.4189629721556314e-07,10.283906488781405,0.155625391109895,10.368762509902977,1
5.231512739295572e-05,3.2419474154766104e-10,-2.875910194501882e-07,9.752920524132469,0.07421479077878171,9.96190371982863,0
9.903452400589061e-05,7.457195759956246e-09,3.362184629860975e-06,10.049818890043976,0.2583274295488503,10.328100658502716,1
0.00017941454998561716,5.744118642329468e-09,3.5843118215212646e-06,10.216220048808003,0.18901298482985618,10.40495347161246,1
0.00021184510729909192,7.208366230593143e-09,2.048125051622925e-06,10.318505389840237,0.2389180538083319,10.33464428510144,1
4.007657160125149e-05,2.192942191542163e-09,1.0675993008124905e-06,9.842416475018817,0.05163126069968731,10.030655746176436,0
4.568204211359794e-05,1.5569787728341634e-09,-8.432606042937426e-07,9.793237855218399,0.05960119160173367,9.763453797780782,0
5.773099941538872e-05,2.441107891233404e-09,-8.790508851758898e-07,9.773003277023058,0.04873421757722073,10.127086528103556,0
4.773515901150168e-05,1.5202803816382602e-09,-3.72206776071053e-07,9.85443743098521,0.08769172611869219,10.05432435282722,0
5.356166877224843e-05,2.0243374191634133e-09,5.117376690790052e-07,9.757233474280538,0.08373975726050784,10.067393841812253,0
9.312105476078131e-05,6.170298362162394e-09,2.0659278943056113e-06,10.161010958314208,0.18155848852037298,10.620531384767572,1
5.693855763007922e-05,1.9485822398878003e-09,9.092161664531274e-07,9.871401574261741,0.0519981108780482,9.914596160971316,0
0.00013193363818914656,6.468774256075024e-09,-1.996770878376583e-06,10.260358379963893,0.23830401391923453,10.868079967165292,1
0.00012137814756761031,5.046395386980302e-09,-2.138501187904316e-06,9.812696253098377,0.1759898812926491,10.71422583388576,1
4.473921967788041e-05,1.992990230871206e-09,1.0164428768951007e-07,9.743448680425404,0.014743350323146096,9.797335926526427,0
5.7869695655549954e-05,1.5544334956992569e-09,-1.0631090366494642e-06,9.806904357656682,0.04483198559585663,9.992672099777153,0
0.0001031236242934037,5.4709473226537055e-09,1.5885293592436541e-06,9.949142115366149,0.21467789660833148,10.093025458612978,1
5.3070645165702436e-05,1.934298546988881e-09,-8.231180613480796e-07,9.791791029418976,0.0593999652152634,10.0914712305998,0
0.0001411337627956035,6.1523155135766245e-09,7.589641143310148e-07,10.562300962518703,0.19586761074809056,10.251294924102492,1
3.9046544361430836e-05,1.8911345077557766e-09,-1.1242925942058307e-06,9.832509519036538,0.08265304995394261,9.873908773388287,0
0.00015062381123026223,5.2719970587708656e-09,-3.657928822096803e-07,10.474975283829636,0.16770179104377325,10.260242398004923,1
0.00019748361762366272,6.274681073992853e-09,7.152485186477885e-07,10.03253618413372,0.175125067079743,10.293448947621847,1
5.31747193473109e-05,1.984040752678319e-09,-6.104342546999568e-08,9.76320707753386,0.05166694141986486,9.988128478143278,0
0.00013444791301753432,7.207665449756246e-09,-4.4080751505024795e-06,9.99250931985725,0.19364342791740013,10.23684443981349,1
5.1132704105377645e-05,1.2808610108413167e-09,9.192289345752034e-07,9.766592795723051,0.08746595552435091,10.008004806571465,0
3.8582359074842e-05,2.267788723444215e-09,4.866873688305064e-08,9.847842843963779,0.09039675783308511,9.716960886809085,0
0.00017501422017478094,5.572244312953248e-09,-5.310936760368474e-07,10.29668509762292,0.17267463027456229,10.345284879020099,1
5.781799311312912e-05,2.283843375467293e-09,1.0034984535528646e-06,9.768604173870097,0.056802354128092904,9.845753193329381,0
4.9203586087542853e-05,2.2261858981248672e-09,-1.0623935281468798e-06,9.821415354860383,0.04625711469990903,9.998572999567987,0
5.3898868194723956e-05,1.61381510784285e-09,-5.021030040988799e-07,9.827934548301664,0.05586787911283806,9.892503504916096,0
0.00015812923616538577,6.3041929195534214e-09,3.6157523175983804e-06,10.27015703515096,0.18481692380630022,9.91341707210697,1
3.672063486231548e-05,2.5415892985281284e-09,7.367577554410882e-07,9.771651951222339,0.05139558426997596,10.004201948316293,0
0.00017521860079513658,6.546733568201379e-09,-4.778641983393886e-07,10.126635117637061,0.1804120925478089,10.223276944650449,1
5.447359302190611e-05,1.393036309673718e-09,1.9438768931086032e-06,9.718854437627442,0.06591406283399484,9.961866393748066,0
0.00015113851308871338,6.13554459215863e-09,7.448692939644255e-07,10.041986734972944,0.2597337072164011,10.163585808577565,1
0.00012230602168626452,6.503818418440181e-09,1.7356938860625907e-06,10.124382779803332,0.17024491029226405,10.136256892605626,1
5.5139078496589154e-05,2.089790890969799e-09,3.506300992735592e-07,9.824459356507385,0.0626944293712354,10.010969984195622,0
0.0001757777167499952,6.346177745832742e-09,-3.1217818055081307e-06,9.914393833379846,0.1713851473607967,10.10369805124045,1
0.00015758810442795238,5.936553936055854e-09,-3.750682401097467e-07,10.011486921711386,0.1889069548102347,10.626505340479333,1
0.00016622607667444037,6.884751054763314e-09,2.0064263994780473e-06,10.611370444146203,0.22846797230862192,11.170343670404792,1
5.367287313401341e-05,2.9190918383975613e-09,-2.2346598237185213e-07,9.782534160194091,0.04961160788224535,9.869682021716573,0
5.745404197345402e-05,1.5570420020203606e-09,-6.556363796468532e-07,9.807437544811762,0.026037918734715643,9.772684023075747,0
0.00017202914026684488,5.350668688079606e-09,1.6624493131336e-07,10.106579318641844,0.16331060131073183,10.510819017440888,1
0.00014810329630551123,4.478472346607687e-09,3.6317369189758e-07,10.541832246595641,0.14397886700441917,10.467018685388945,1
4.862551485372309e-05,2.4764372736014693e-09,1.6122782579886454e-06,9.865745722679202,0.08279929058742785,9.97421274910719,0
0.00012565530966799425,6.3887201230511086e-09,1.4546396940414292e-06,10.065155918737627,0.18961844735088107,9.975006637734362,1
7.290883924078762e-05,2.053521191039357e-09,-1.0553005200230738e-07,9.790782167464146,0.04120822577936453,9.679224908361743,0
0.00014414106913253718,6.3046618286980815e-09,-5.003605722775726e-06,9.893345079258175,0.31482215384025947,10.348016847990115,1
0.00010485838877906991,6.760055963689603e-09,1.6487950586900655e-07,9.908489700107014,0.18453954614750684,10.274353078322825,1
3.549288082256524e-05,1.8416233353007411e-09,-5.084553400297435e-07,9.794241353611504,0.06658649647856318,9.841816216808299,0
4.1137796563905944e-05,2.1343307133418863e-09,1.0354413863939304e-07,9.69188903895411,0.04962883988467865,10.007614631264001,0
4.935929699871503e-05,1.7048622583201087e-09,1.4805680555418882e-06,9.764532485603198,0.05687689646248599,9.976889736322448,0
3.418809297967866e-05,2.447519157038058e-09,-4.830610516834395e-07,9.807339650599278,0.08224441256510849,9.989683931586553,0
0.0001822911598572354,6.592351921108174e-09,-1.3405000434524752e-06,10.253481396471091,0.2566017493147518,11.15972945416701,1
5.511924091029275e-05,1.9158458830189652e-09,1.2264051438703839e-06,9.857854819273198,0.0735235021047984,9.726601647058265,0
0.00011577661773942326,6.006803098392771e-09,9.032654032991928e-07,9.985020188538176,0.2104956044820935,11.005991755741304,1
3.856273792679338e-05,2.0542798528882616e-09,-3.32299906444608e-08,9.789594157136374,0.047429249771221385,9.711815095450236,0
5.798254071425445e-05,1.902069589956081e-09,-5.701458792830355e-07,9.830924225639327,0.07671611332982989,9.885916563719414,0
0.0001641293551112034,6.8456015144669514e-09,3.6804342696839817e-06,10.050905301587576,0.15280746472881412,10.171624038134121,1
0.00010770918691399597,6.464980829741082e-09,-1.8579599086452499e-06,9.768779793725036,0.27480036063585894,10.637168962448307,1
5.7934887205522134e-05,1.1257340133809095e-09,1.3043402428781525e-06,9.716875400598218,0.07065092408683316,10.012670513682759,0
3.733105528476149e-05,2.0221296930351647e-09,-4.0421701197360996e-07,9.80647056291378,0.05455306565262609,9.6884080004529,0
0.00010761994745486917,7.213316409185642e-09,-3.012118388736865e-07,10.057249228745869,0.25551511809913824,10.14497814352004,1
6.222123302373055e-05,2.0555860801447684e-09,1.5146369065803583e-06,9.901783915951938,0.0505590291048892,9.941818707846775,0
4.5636141094734313e-05,1.9451950980370846e-09,-8.836295920533532e-08,9.781499448505894,0.044824078746657954,10.059864717050472,0
0.0001513834231860313,5.949147478758925e-09,-2.8075132901051663e-06,9.909366970749144,0.06881058822253672,10.133798985095426,1
0.00010381000442180038,4.513722970049706e-09,1.0579158727850406e-06,9.792207744598915,0.20916501060524967,10.145912118123032,1
0.00013451273738972517,5.323494878550864e-09,-8.665197669750872e-07,10.403984915919395,0.22714132796595124,10.754629950781927,1
0.0001449556854424563,5.527909422302873e-09,-3.958599620751575e-06,10.349582051223505,0.1463628487130097,10.571774059233345,1
5.3243999717879116e-05,1.821044454809419e-09,6.310565180215059e-07,9.767295999509285,0.03195827468296516,10.006064293048617,0
0.0002088207381648314,7.127358243174758e-09,-8.95828959373969e-07,9.944833582686012,0.19849278652395747,10.329688264734393,1
0.0001999332076184463,7.561906424766107e-09,-1.1892116676790103e-06,9.780420911738265,0.16607353323176288,10.52270168821417,1
0.0001686471566956815,5.630389663956366e-09,7.542007878043729e-07,10.194147437263004,0.2563025125386084,10.484581882923454,1
4.9163988614090795e-05,1.0377559194755751e-09,2.6735109703964784e-06,9.847841686557805,0.0916469748819117,9.784268001301552,0
0.00023147839716938646,5.730281468442664e-09,2.387912519976556e-06,10.1326204348833,0.22073492643654435,10.947575893903581,1
5.1630610674294165e-05,1.996135388872631e-09,-1.3846466206946032e-06,9.848154449910652,0.03435461959347344,9.792030929749766,0
5.5935567222808625e-05,5.2980568266786e-10,6.55900776529761e-07,9.80973680973594,0.04962582487108205,9.861148154691112,0
7.239743039927865e-05,2.230035303173719e-09,1.0845270464950882e-06,9.824497029140005,0.07428539300918557,9.813200000046146,0
0.00013393159984723764,6.856617104625678e-09,1.0300853465523755e-06,10.343131648951578,0.22106899055490414,10.321847951326008,1
5.466725467592104e-05,2.2429811414636355e-09,3.491725403118567e-07,9.833551850633992,0.04554916328171204,9.812748468440812,0
0.00014510799108168707,5.255097355193551e-09,-1.350356549948763e-06,10.171096265856896,0.16037900395000193,10.407611541108288,1
0.00020175351996775716,6.6720605190937674e-09,7.812263554587233e-07,10.358586588097182,0.19317762683229145,10.014649828332503,1
0.00014515906880971407,5.290427707046775e-09,-1.996059674359441e-06,10.047313731969998,0.24364595933853936,10.311028423584476,1
0.00013592179785735657,5.302266216698386e-09,1.1910593662723065e-07,10.131622452765741,0.20860606861677217,10.860788190314299,1
0.00015179797890798983,6.277376937958192e-09,2.721317191677302e-06,9.938235920176178,0.04902439220895874,10.55515486342611,1
0.0001565769500326492,7.289269862715636e-09,8.506048084557232e-07,10.643747935440167,0.12175433153903653,10.43484199498171,1
5.236581750876198e-05,2.6848543889848904e-09,-1.1556254816688619e-06,9.803263409767128,0.03522394262539557,9.988991633256518,0
5.556217578997503e-05,2.40611989046961e-09,-6.569106004974739e-07,9.723081500051595,0.06413634858627469,9.993025615624195,0
0.00014016315850461246,6.155190683858979e-09,1.6501965293352693e-06,10.026573956857819,0.16709417554623718,10.408882191367,1
5.184900816928977e-05,1.4735174607998468e-09,2.0764933540409174e-07,9.852997027802958,0.012408787439799562,9.781092713419616,0
0.00014803357179656983,7.98169180640003e-09,3.1375572082056977e-06,9.93438074751325,0.2261121840624005,10.255078804169688,1
4.420062964087074e-05,1.5848724054814048e-09,3.8225493914491886e-07,9.759801146317963,0.09482269138041462,9.858971856402901,0
4.8605537243190005e-05,1.7749053675742944e-09,5.279588565972928e-10,9.830060337446456,0.021122903677329167,9.670381904686277,0
0.00018812098755276573,6.630815849144619e-09,4.398343012118682e-07,9.934780988190628,0.2810800049883161,10.31351184778923,1
4.629409476927548e-05,3.051903046063705e-09,-2.730197607260194e-07,9.818256270599152,0.06941882662753722,10.060225322560692,0
0.00017018658648952352,5.835583559538619e-09,7.443373629441905e-07,10.08250043700565,0.18282944502060164,11.089408514390673,1
4.6713815242510155e-05,2.3015937155411716e-09,-5.441140021141925e-07,9.791860354696386,0.05081838350791443,9.799781254421854,0
0.00015895132357803535,5.365093080257585e-09,5.834607545068158e-07,10.163364346218954,0.22516423344083245,10.74392208948885,1
0.0001434589236540534,3.3611914997401e-09,1.5579594240880024e-06,9.718022366578637,0.19613138043336137,10.504505767978287,1
6.411876518894527e-05,1.7245444087225733e-09,-1.6961790676955876e-06,9.783573254576865,0.04116063605491582,9.866392601384996,0
0.00017018583707900458,6.591814133741378e-09,-7.080814218820476e-07,10.08527964542062,0.20509281476309935,10.964706045448557,1
0.00017867123868363247,7.919000893218606e-09,3.764723717026957e-06,10.35726254197609,0.2513838837400516,10.539330627205775,1
5.670219897277339e-05,2.338483193669769e-09,-2.273496259115304e-06,9.753185568379662,0.04208342438536676,9.882037599976476,0
5.150134634006218e-05,2.3178647680786547e-09,-7.068571340601964e-07,9.797864810263837,0.06698170900901743,10.077279117643672,0
0.00015062659464887883,6.230700905718684e-09,-2.5203295303451604e-06,10.076727718392103,0.18124018098380315,10.40468547097313,1
0.00013618780153082271,6.8647446916408406e-09,1.8068980721822002e-06,10.212121767134986,0.22191912900642016,10.190484896419932,1
5.6385178605944856e-05,1.88161569851797e-09,-2.62978803780678e-07,9.70821443629795,0.05660130001625244,9.96199263323958,0
0.00016348827090215487,6.198485319338532e-09,-3.141986711349344e-06,10.196869587675566,0.19496308772969975,10.336838440266206,1
0.00010177016918645822,6.184740578895725e-09,4.047212438459279e-06,10.201359968912,0.19049804824992528,10.392766373156872,1
0.0001584520519148812,7.568339276030125e-09,-3.403593330131032e-07,9.937186538293192,0.2543597592197652,10.554551711161519,1
0.0001634358524325538,6.3710940513139224e-09,9.592289196309342e-08,10.266368772651703,0.17881117942759847,10.01479111496743,1
4.494343640062559e-05,1.7137066680768408e-09,5.351414354553207e-07,9.837969396965459,0.07722420230642238,9.800500010678965,0
5.425887206193036e-05,2.0095738887078763e-09,-6.414869090443095e-07,9.824393614243554,0.08608696219573486,9.880909620827271,0
4.75908875490638e-05,1.2271749301500208e-09,5.623166206232581e-07,9.82086317239291,0.07275412405429556,9.93495949993603,0
0.00016855465141369427,5.792522477316128e-09,1.2572504656824329e-06,9.946120958676879,0.1652164311075899,10.174742582693302,1
0.00019162932921172973,6.066095559655773e-09,-1.6894329235121908e-06,10.0363827900779,0.24419306017265371,10.434667925282435,1
4.641659847978778e-05,1.6762290971824204e-09,7.441919714999367e-07,9.790938791339096,0.03701253923357148,10.0321304032273,0
0.00014746311002568574,5.327721727812401e-09,1.5656743294757842e-06,9.912045157377982,0.10798354818829141,10.983051458813582,1
4.289918880959563e-05,1.701145243133454e-09,-1.526270996722212e-06,9.801628778870429,0.054278077364029634,9.881058632901846,0
4.6354508534649765e-05,1.2692219113745921e-09,4.917963315880797e-07,9.885102757700796,0.013511182266470752,9.823835409386197,0
4.101215951676872e-05,1.3348431871305051e-09,-1.8912039077703348e-07,9.846082505596224,0.04744901759244932,10.051115493024735,0
3.581291462452527e-05,2.106822940756236e-09,-8.600133615785398e-07,9.748499271206846,0.04139801592476109,9.908635531550038,0
0.00015033424689146272,6.709641290505807e-09,2.531259071171263e-06,10.126240812664433,0.17607163789919433,10.787318296098602,1
0.00013041126026226566,7.213381399904993e-09,1.2635845511303272e-07,10.462076940433993,0.1697754195609976,10.48535712356839,1
0.00013487460506976984,5.918477326898354e-09,6.953529670766727e-07,10.10255428717729,0.1662145960419194,10.510245725246408,1
0.00013253665218628715,5.411961421541125e-09,-5.618062681604446e-08,10.155975263942006,0.17031023388718378,10.210272775318122,1
6.21737356975163e-05,2.4102777095031866e-09,-2.5173068199250506e-07,9.856681173592953,0.02875405689667252,9.780171661425285,0
4.146060291612307e-05,1.538237304115635e-09,-3.586093194575422e-07,9.75879705792305,0.06410730420456902,9.824887394307355,0
0.00020216698991392735,6.978858050781796e-09,1.7063628513004811e-07,10.038346855671813,0.15847777967217175,10.656754231579727,1
3.2516183438591355e-05,2.066546867568392e-09,-3.247734732791751e-07,9.915019782134259,0.05950732068694425,9.885365764634516,0
5.9703933898468514e-05,2.4016825244105816e-09,3.3327925665802e-08,9.75219115584252,0.0038163253743026884,9.915705360540146,0
3.7942378715444615e-05,1.909496930670193e-09,-2.744400271090196e-07,9.811019079139403,0.04590152416451782,9.893212222792704,0
4.44169824605397e-05,1.4499228835141527e-09,4.395012306202264e-07,9.838946825175606,0.059155457323037716,10.067449243334755,0
3.119556944875162e-05,2.2465860016008606e-09,1.2914035482160082e-06,9.630659311925585,0.0658828012015236,9.877974539850392,0
4.9397110086083886e-05,2.2273975848211903e-09,7.74131461619365e-07,9.749928146174748,0.05386414845428388,10.031964449447731,0
2.6671621994757517e-05,2.6748697647753125e-09,-1.8076048979556033e-07,9.702582637028637,0.0584109021845624,9.869704446201569,0
4.521162543991596e-05,1.5686121179784398e-09,6.934789119139936e-07,9.780399368004044,0.07119872768093244,9.96170059495767,0
5.426119526404662e-05,1.908404327141439e-09,-1.3454848362522222e-06,9.834102975428841,0.04215370462532193,9.857748726557796,0
0.00011992584205182314,4.898206802080106e-09,2.4995614028072132e-06,9.89698093140887,0.26088742428256,10.239467691224355,1
0.00010705446006830056,6.5972748875565825e-09,-1.3472462820668048e-06,10.153326542247292,0.2618786023742059,10.151738862083546,1
4.844101822063333e-05,1.7258563517546996e-09,1.6001822585278768e-07,9.825089136808378,0.07234797631804922,10.044849922989293,0
0.0001701444180302075,6.661422784083347e-09,8.489461884958191e-07,10.16638130680695,0.22024570494795648,10.48729930254053,1
0.00019540793923958333,5.386639187481717e-09,-1.285514605897116e-06,10.540304214084147,0.14458712690920067,10.001627051188073,1
5.3905939061992364e-05,3.226951672971786e-09,7.427499617869243e-07,9.868239940487117,0.08743495637387849,9.948925591699945,0
0.00012834787339988237,6.176820872139398e-09,-1.0933601691745307e-06,10.145668977934788,0.2836726045149269,10.902138315537105,1
7.045817288088286e-05,2.3855194599766275e-09,-9.049146520560105e-07,9.87275302912409,0.01689874015333627,10.113655912880272,0
0.00010275061591700927,6.9260623778119665e-09,1.3112028550990157e-06,9.892695277011242,0.1892544822424961,10.583038034797587,1
0.0001066644798899318,7.430346598847928e-09,2.841116231879994e-07,10.099823711739583,0.23106092734695238,10.451136126762167,1
5.5720574417141445e-05,1.9689044915003448e-09,1.1243533598705026e-06,9.783296138451004,0.06129211851787201,9.798033566130789,0
0.00014924973881072875,8.10567706634063e-09,-1.6687283579920336e-06,10.434285269552774,0.21751708896141986,10.589356828261806,1
0.00020032388790937816,5.507553925669482e-09,3.1615088223678866e-08,10.18264884989021,0.2784119879459826,10.887110436658402,1
0.00012126875253330784,6.649961566153887e-09,2.118961060346678e-06,10.302493303238077,0.1962936446784978,10.42735523225282,1
0.0001225142425355627,5.168177791769555e-09,-1.3435658009871052e-07,10.05684800217785,0.234102603285631,10.946173846600779,1
3.2812491071378355e-05,2.637494559650022e-09,7.68179564462847e-07,9.783341416758454,0.04731906833485609,9.659265579301605,0
3.5995804396692325e-05,2.103387389917208e-09,1.4170204129816264e-06,9.834066975159281,0.05308673374128821,10.071193719581704,0
4.6063905626514064e-05,2.7348994631386444e-09,5.976526463532497e-07,9.770709217037114,0.06706772886658165,9.861117114669144,0
5.303818595604876e-05,2.360781252563072e-09,-2.3086637384476896e-07,9.872663033166052,0.023227884005535028,9.969291862303162,0
0.0001499350064031634,7.272058982339884e-09,-2.307247980565352e-06,10.222724891498865,0.18017820852842925,10.918988543852194,1
4.5209489426382465e-05,1.1132478330251936e-09,-6.903866261386762e-07,9.800204650383774,0.06586338733586196,9.898346424975237,0
5.9789240068654246e-05,1.4967433536452098e-09,-2.870859021222795e-08,9.79231312138364,0.07975454071316533,9.908528131796574,0
0.00017371115688155132,6.340051294568891e-09,1.1412259944390619e-06,10.393636932106572,0.18343458084083386,10.316328979647675,1
0.0001468762753732643,6.779755496288821e-09,-3.245855161660195e-06,10.270686173297282,0.18642592661965326,10.546656727786498,1
0.00012995788043706688,7.00553522597456e-09,-2.2910764359978397e-06,9.927325475055767,0.2353818211854244,10.502711455953692,1
5.637896738166829e-05,1.8566394126193799e-09,3.082608405624918e-07,9.692169965168361,0.055686488990384635,9.921783187951222,0
0.00016260283471355522,6.606850593215671e-09,4.113087129659083e-06,9.973822312934816,0.22368160384057273,10.222085661005538,1
4.2329824730979996e-05,2.7388409389688392e-09,-2.7610619661559896e-06,9.779164869988284,0.06239132944356215,9.94107306632691,0
5.1121049468245175e-05,2.872319586629341e-09,-2.810196472715856e-07,9.821248305812379,0.03440687439078581,9.87121069935587,0
0.0001423547448583794,5.662471714150139e-09,-1.7965874916646078e-06,10.098053968962972,0.159232005486369,10.230266670471831,1
0.00018064149886288193,8.088442772869925e-09,-3.1719666244759164e-06,9.82401512297219,0.29354825876858914,10.616884253211271,1
4.242689486322039e-05,2.3240441823302048e-09,5.301913073429116e-07,9.702077922893269,0.04282307166174162,9.905662845181217,0
5.251836750623619e-05,1.5415576541407192e-09,-3.3573099491972167e-07,9.76052773198795,0.058669794348970454,9.81939324412502,0
5.2917614425335475e-05,1.7875073133116753e-09,1.0924985380853529e-06,9.835797620884195,0.07055389187002957,9.932022718549934,0
7.620793091029976e-05,1.4440164871129184e-09,1.4641772387524373e-06,9.84984293867329,0.05561272808980273,10.075862048419514,0
6.064114183334714e-05,1.9503098349367888e-09,-3.453931546700472e-07,9.78625506210572,0.05532567460897261,9.719125298435776,0
5.3337278635618736e-05,1.8511945189416528e-09,-9.012474099101125e-08,9.85116927908137,0.046308306735093695,9.83018044669084,0
0.0001098552279413063,5.912801351236851e-09,1.3273120558753486e-06,10.292733314336175,0.21803395878464982,10.510239594453473,1
0.00018600236869280583,5.508097552493795e-09,-3.753105412083748e-06,10.323942289193226,0.16823188055871854,10.143100002272892,1
0.0001963827050470412,6.811143259109911e-09,-2.905591791776692e-06,9.920568400356384,0.19347700654803177,10.381408356768077,1
0.00014373137534327957,8.110135582085623e-09,5.370679729296175e-07,10.502601853200797,0.2698298445790632,10.624394395531434,1
6.338363731446386e-05,1.4351748851997594e-09,6.68649860160592e-07,9.75409956188891,0.08156075014106198,9.789885971202244,0
5.296575545140762e-05,2.2315923976337925e-09,1.9729226563120644e-07,9.815565433672145,0.08399914749152762,10.007154315223488,0
0.00015411828407034867,7.162200789040752e-09,-1.5862506903342998e-06,10.412162737251077,0.2820266785446185,10.303326300801126,1
0.00013109062562241053,4.991944522888052e-09,-1.5161706533743989e-06,10.06252313758186,0.24253238338911257,10.452977377265317,1
0.00016137842615467947,7.609074172473281e-09,-2.080583456455221e-06,10.248084975367757,0.10908797830014262,9.87787614384404,1
0.00013026496338443586,6.854525227066616e-09,-2.183867800790626e-06,10.3780495001673,0.20859196698967658,10.665975365995434,1
6.297421421289704e-05,2.0571734456518446e-09,-1.7649203841448427e-06,9.785307648182645,0.07078790106084276,9.949666473422738,0
0.0001813354195873038,6.53717842762576e-09,1.425256967692858e-06,10.351909293915607,0.1525287836637118,10.930420493899303,1
0.00014431814577758358,4.512766132253757e-09,-1.1232140700763275e-06,9.887262062930914,0.24900467675350524,10.606766813266296,1
0.00017037428326314584,5.697954500510136e-09,-6.588955726941828e-07,10.346374140857659,0.2167529014542059,10.594846787154834,1
5.591984685124553e-05,2.4475043340300605e-09,6.024660957009005e-07,9.852092607187402,0.04973654022955347,9.880947163233632,0
4.902663181337317e-05,1.7481052079480317e-09,1.214797056894385e-06,9.770121568211652,0.013759221977407601,9.964053359163104,0
0.00011904796260610465,7.113360505943938e-09,7.025333985547382e-08,9.978200661357814,0.11243150217160719,10.041728851857203,1
5.1448878330968916e-05,2.011951521642478e-09,-3.514142357137325e-07,9.878170667941607,0.033631426681159975,10.053236772467812,0
0.00018163780548681175,6.198902662150327e-09,-2.9738719450542353e-06,9.920296070386962,0.2758473394854323,10.905340773978368,1
6.118457644847877e-05,2.2746578222791145e-09,6.918098218337286e-07,9.879868639497627,0.04867713430252666,9.834690833864967,0
0.00017814665992967196,5.645062548567718e-09,-1.0387859728287521e-06,10.230688195190854,0.20888894614649406,10.516223045954092,1
0.00012772547302384847,5.514694164632131e-09,2.4617490263094697e-06,10.5370028557417,0.22814404300871777,10.236055693949384,1
0.00011037528678363128,8.236283650795986e-09,-3.58299515326857e-07,9.946397158523324,0.29529706742287826,10.361049716078163,1
0.00012059216471107468,9.06194696540622e-09,-2.206365514616466e-06,10.137491452579967,0.11726358617950013,10.661639447630778,1
0.00015514385523679791,5.699618259480229e-09,3.884057243124917e-07,10.03276442370254,0.18100765355440457,10.553271392592011,1
0.0001558507495208438,5.2417179311124095e-09,-2.2612306698750526e-06,10.324542244780053,0.23147647921109055,10.258705272102002,1
0.00013190376311647133,5.363474276824397e-09,1.7326399005241144e-06,10.521528184223243,0.22910835222400291,10.547148704960644,1
4.817579002847583e-05,1.7576856179980179e-09,3.430670089259352e-07,9.815422505416576,0.036674315989801864,9.88223060228866,0
0.0001471191778404194,4.727705265376014e-09,-2.232046616858026e-07,10.045796516326948,0.21668395299726986,10.506163613666315,1
4.938235800139871e-05,2.239720759043032e-09,8.745170741325225e-07,9.767511738657587,0.025935982892217112,9.79579555877569,0
0.00010755072384371854,4.700105720703675e-09,1.7021384280412272e-06,10.500114273792533,0.19619516156940206,10.13478116430322,1
0.00011502985229134004,6.0180416486340995e-09,-2.8527578445628157e-06,10.356272444472502,0.1576676875566819,10.492602815780552,1
4.9592441501533794e-05,2.094615989952964e-09,-9.963416821738039e-07,9.849155881648828,0.027086828576692906,9.849550351572837,0
6.832557043479202e-05,2.4070758810591334e-09,4.820667273353861e-07,9.818436657365877,0.057875945964325035,9.70723274206544,0
6.516812867129874e-05,2.178919174335512e-09,-2.5434981829554733e-06,9.899356548533506,0.0649384693814212,10.095641825318845,0
0.00013726653890572553,7.035825238417568e-09,-5.462447048138238e-07,10.410886330994652,0.17369188232262556,9.910712243329316,1
5.925398090796725e-05,2.0158907840807954e-09,1.7291147680695339e-06,9.803713962204142,0.07195249929722329,9.903830058752243,0
0.00015886873466241282,4.4833574505792085e-09,2.9538688522365487e-06,9.966444089746412,0.21083877818813146,10.170809241710147,1
0.00015697784724683447,5.780249504157271e-09,-5.14776423012884e-06,10.149124644838889,0.21067265096399054,10.748612830565975,1
0.00015202481043741825,6.445086471353401e-09,-7.000369091822817e-07,10.000790042799645,0.1733843867035105,10.85854175395003,1
6.238237940646432e-05,1.5615037027447242e-09,-1.8523270990157605e-06,9.841771704410794,0.05270804964967223,9.733156124609737,0
0.00012484242604658306,5.113319077716543e-09,1.0696346726918204e-06,10.445796100497812,0.16813461264856028,10.637516011065445,1
3.6180046774068094e-05,2.1249508545588637e-09,-9.997528010881316e-07,9.760823890793231,0.06402511118353454,9.918160906625351,0
4.930421791078774e-05,2.44499378110855e-09,1.591019305775117e-06,9.789711570098516,0.04910513638474804,9.778605829384261,0
0.00020662007696683245,6.119502521264682e-09,-3.466423085010955e-07,10.321461472672008,0.18917944125037056,11.055769418632515,1
5.1412571400874636e-05,9.347167600963997e-10,7.682072166317372e-07,9.810769825272816,0.060165372793491795,10.292623770643633,0
3.574406684521897e-05,2.406457122448736e-09,-7.773900758589046e-07,9.83466623451663,0.041433095205882765,9.69530653132772,0
5.2491786717138974e-05,1.553253383056196e-09,-8.145947931704389e-07,9.7726870480937,0.07442471320133921,9.85128419773543,0
0.00015297379608463911,5.356469302295609e-09,-2.313071969675458e-06,10.321177109591453,0.256385600409744,10.553577155217841,1
0.00014473308163502353,6.6686548047579065e-09,1.961350790778891e-07,10.459174356372602,0.1640583806195635,10.723501593863185,1
4.003407263677048e-05,1.3838394264812798e-09,1.2084505080181532e-06,9.885141350300465,0.028091330854108268,9.954607351313712,0
0.0001599402494033802,6.5334008512375615e-09,-1.9253740642159063e-06,10.003802560334215,0.24956293290960443,10.811513296429546,1
6.389964068604203e-05,1.8481201092401127e-09,-7.05037480139661e-07,9.778137029731116,0.0670041073426247,9.854553905871501,0
0.0001798971153173834,5.5335046207718016e-09,1.2809595904016474e-06,10.161899378800436,0.21620285141107803,10.1556925830553,1
0.00013066839213605916,4.005054714186714e-09,5.285956439508669e-07,10.345039894534636,0.16019919673920613,10.33210119306481,1
0.00016698257948232642,6.699013620013006e-09,1.2708920566287152e-06,9.97651636529732,0.11463077587280067,10.033924936975557,1
6.271071649674262e-05,1.6464419976838605e-09,-1.043334843050336e-06,9.74685166719875,0.04711063169400414,9.805295334215948,0
0.00013413066875807953,4.943442357239747e-09,2.44616613419065e-06,10.148229119926032,0.21762524841784398,10.328894590075896,1
5.3482893300997586e-05,1.633765771494173e-09,7.757672174031765e-07,9.868603071197485,0.013888854771659694,10.03738078274271,0
0.00014168051830302058,6.715162400760685e-09,1.7043577696160366e-06,10.450291284362851,0.2954709326146747,10.742966796498335,1
6.392545253725957e-05,9.754380567732e-10,8.141694833323519e-07,9.764224159037084,0.03536914860760686,9.875164197358789,0
0.0001954918216576072,6.6021183203924835e-09,1.4407372256748952e-07,10.157558206019768,0.15240407699888822,10.523244155555659,1
0.00017032919065450042,6.790501360661723e-09,-3.134658307049056e-06,10.275669439121453,0.2684064903854434,10.393112911618564,1
4.93402537910919e-05,2.2253277776673273e-09,-4.307147004602912e-07,9.792697005747643,0.05259000902016198,9.869836611646475,0
3.923502731590358e-05,2.1106430608652665e-09,6.44506275273809e-07,9.815293602754803,0.044933393376901075,9.914664128429747,0
3.71283643141575e-05,1.3014409074435046e-09,-5.835993263460048e-07,9.851918942550967,0.019613078490463155,9.616784440188944,0
0.0001113070325470482,6.266986985527651e-09,4.5880649566286915e-07,9.983772577440467,0.2375268057717653,10.709466250840643,1
5.4107621895758844e-05,1.906598304369499e-09,3.36071167925669e-07,9.897858726681983,0.04946336312581881,9.848616138315723,0
0.0001729409500399402,4.758766092639127e-09,-3.0715805371500358e-06,10.418149870398084,0.16397925715980813,10.271315247600805,1
5.610216169589223e-05,2.0784864804842174e-09,-5.865312695639355e-07,9.81121082021454,0.06429219581273236,9.695005872142252,0
0.00013089520650829979,4.142280138642288e-09,3.1920969827911116e-06,10.128652287348194,0.31666446608248916,11.086569009272333,1
4.834471848646673e-05,1.660307715096825e-09,-3.770441691342582e-07,9.782519250498224,0.026002805556408035,9.870774478455616,0
4.4589161703221806e-05,2.1406107757382297e-09,-8.769304507836545e-07,9.744260804764174,0.004877353850141111,9.833680655162464,0
3.730669503453301e-05,2.851257329064803e-09,2.0232879642280201e-07,9.881592844954456,0.035339340089520214,10.081806192255783,0
0.00017843952359570945,5.864890732809162e-09,5.085165594819926e-07,10.125582351709408,0.05782573539741123,10.506147903877807,1
7.350205800005722e-05,6.678338394627765e-10,6.729432044950393e-07,9.711770204536148,0.04548686593563863,9.891439191052875,0
5.538132964568466e-05,2.415253978830044e-09,-1.0655346898969439e-06,9.859658543248758,0.03555274521022001,9.833513045737602,0
0.00018125173992176552,6.583544303011888e-09,-2.5903449372688154e-07,10.315971457059026,0.16465537160063257,10.756666697706214,1
4.8217805196147634e-05,1.3178761223910449e-09,-1.7694585953165944e-06,9.768768167866295,0.04606955761145233,9.994917370642767,0
8.255571339623508e-05,7.261318101850047e-09,-6.556470526853937e-07,10.13230120714154,0.274805111671278,10.35720341928409,1
0.00017828538515198187,7.110348979914293e-09,2.166546486932433e-06,10.086718651407502,0.17103999211393384,10.432508010213505,1
5.491207665411997e-05,1.820985310126507e-09,-1.3939720066323415e-07,9.836982657586235,0.011812878249854143,10.031830232485268,0
4.3086255025860646e-05,2.5225672741921347e-09,8.233094521041837e-07,9.747506037955363,0.06916409834588468,9.703356073086395,0
9.798520936548994e-05,6.340952690221626e-09,-2.0390124047683745e-06,10.386885556646261,0.18791251805532766,10.734021089217318,1
0.00011514202525031264,5.691092468394232e-09,-1.3999835871436598e-06,9.986511130890689,0.18145209902142226,10.435071591517234,1
0.0001466800389432801,5.1033577726847915e-09,1.6839673909042538e-06,10.12615855991051,0.05465058903391792,10.387553383013458,1
6.937454896938425e-05,1.921980116653408e-09,-1.4576076789955074e-06,9.813551890038108,0.03661990754240366,9.804249471668447,0
4.828052065088724e-05,1.915165920609389e-09,-8.063626971363014e-07,9.732720829994753,0.08396185812667467,9.813492857282888,0
5.3137659233083876e-05,2.6053452868779518e-09,1.0791133039939274e-06,9.77105494838318,0.024123611963911575,9.776587886499094,0
3.9977829810732755e-05,1.6237823813234826e-09,-1.466785190615677e-06,9.774929892655718,0.06950624916955958,9.951562808844397,0
